218,1444,2009-12-05,2009-12-01,13,1950,0.04,150,1870.74,Noel Hamilton,Facebook Inc.,Technology,Computer Software: Programming Data Processing,Burlington,5401,Vermont,East,2009-12-08,3,Consulting - Strategy,Consulting,Development,Ethan Bird,Allen Young,60,1,0.6
219,1444,2009-12-05,2009-12-01,2,220,0.02,110,215.46,Noel Hamilton,Facebook Inc.,Technology,Computer Software: Programming Data Processing,Cheshire,6408,Connecticut,East,2009-12-07,2,Development - Python,Development,Python,Jacob Manziel,Allen Young,57,1,0.48
220,1444,2009-12-05,2009-12-01,24,4800,0.02,200,4700.84,Noel Hamilton,Facebook Inc.,Technology,Computer Software: Programming Data Processing,Englewood,7631,New Jersey,East,2009-12-07,2,Development - Big Data,Development,Market Research,Alexander Edison,Allen Young,70,1,0.65
221,1444,2009-12-05,2009-12-01,25,2750,0.07,110,2555.78,Noel Hamilton,Facebook Inc.,Technology,Computer Software: Programming Data Processing,Providence,2908,Rhode Island,East,2009-12-06,1,Development - Python,Development,SQL,Mia Moore,Allen Young,51,1,0.54
2216,16032,2009-12-05,2009-12-01,35,4375,0.07,125,4066.02,Brian Johnson,Autodesk Inc.,Technology,Computer Software: Prepackaged Software,Clayton,63105,MO,Central,2009-12-12,7,Training - SQL,Training,Java,Noah Smith,Josh Martinez,59,1,0.53
5059,36069,2009-12-05,2009-12-01,13,1430,0.09,110,1300.43,Ashley Wiener,Lam Research Corporation,Technology,Industrial Machinery/Components,Gilbert,85234,Arizona,West,2009-12-10,5,Development - PHP,Development,Market Research,Emily Taylor,Bob Turner,62,1,0.44
5060,36069,2009-12-05,2009-12-01,15,1875,0,125,1873.74,Ashley Wiener,Lam Research Corporation,Technology,Industrial Machinery/Components,Gilbert,85234,Arizona,West,2009-12-12,7,Training - SQL,Training,Market Research,Isabella Douglas,Bob Turner,75,1,0.4
5061,36069,2009-12-05,2009-12-01,20,2200,0.09,110,2000.65,Ashley Wiener,Lam Research Corporation,Technology,Industrial Machinery/Components,Gilbert,85234,Arizona,West,2009-12-07,2,Development - Python,Development,Java,Liam Franklin,Bob Turner,52,1,0.53
7039,50275,2009-12-05,2009-12-01,5,750,0.03,150,727.01,Gary Shillingsburg,Liberty Interactive Corporation,Consumer Services,Catalog/Specialty Distribution,Coconut Creek,33063,Florida,South,2009-12-06,1,Consulting - Strategy,Consulting,Java,Daniel Tusk,Frank Mitchell,45,1,0.7
7040,50275,2009-12-05,2009-12-01,31,3410,0.05,110,3237.32,Gary Shillingsburg,Liberty Interactive Corporation,Consumer Services,Catalog/Specialty Distribution,Coconut Creek,33063,Florida,South,2009-12-06,1,Development - Python,Development,Strategy,Daniel Tusk,Frank Mitchell,45,1,0.59
2286,16480,2009-12-06,2009-12-01,14,2240,0.09,160,2037.08,Nat Hallsten,Charter Communications Inc.,Consumer Services,Television Services,Midwest City,73110,Oklahoma,Central,2009-12-08,2,Development - Java,Development,Javascript,Isabella Douglas,Josh Martinez,75,1,0.53
3430,24455,2009-12-06,2009-12-01,8,1200,0,150,1199.22,Fred Brennan,The Priceline Group Inc.,Miscellaneous,Business Services,Chambersburg,17201,Pennsylvania,East,2009-12-08,2,Consulting - Business Model,Consulting,Business Logic,Elizabeth Carter,Allen Young,52,1,0.65
3431,24455,2009-12-06,2009-12-01,41,4920,0.07,120,4572.64,Fred Brennan,The Priceline Group Inc.,Miscellaneous,Business Services,Chambersburg,17201,Pennsylvania,East,2009-12-09,3,Development - Business Logic,Development,SQL,Noah Smith,Allen Young,59,1,0.51
3474,24737,2009-12-06,2009-12-01,3,375,0.09,125,341.03,Sonia Kane,Marriott International,Consumer Services,Hotels/Resorts,Leavenworth,66048,Kansas,Central,2009-12-09,3,Training - Development,Training,Java,Abigail Young,Josh Martinez,50,1,0.6
3475,24737,2009-12-06,2009-12-01,26,2860,0,110,2858.15,Sonia Kane,Marriott International,Consumer Services,Hotels/Resorts,Leavenworth,66048,Kansas,Central,2009-12-07,1,Development - Python,Development,Business Model,Jayden Hamilton,Josh Martinez,71,1,0.35
5501,39015,2009-12-06,2009-12-01,13,1950,0.05,150,1851.3,Lycoris Stevenson,Intuitive Surgical Inc.,Health Care,Industrial Specialties,Mehlville,63129,MO,Central,2009-12-06,0,Consulting - Strategy,Consulting,Big Data,Elizabeth Carter,Josh Martinez,52,1,0.65
5502,39015,2009-12-06,2009-12-01,11,1210,0.07,110,1124.57,Lycoris Stevenson,Intuitive Surgical Inc.,Health Care,Industrial Specialties,Mehlville,63129,MO,Central,2009-12-06,0,Development - Python,Development,Business Model,Olivia Sullivan,Josh Martinez,53,1,0.52
5806,41185,2009-12-06,2009-12-01,2,220,0.08,110,202.27,Ben Molinari,PACCAR Inc.,Capital Goods,Auto Manufacturing,Cuyahoga Falls,44221,Ohio,East,2009-12-07,1,Development - Python,Development,Java,Mason Gibson,Allen Young,71,1,0.35
6443,45824,2009-12-06,2009-12-01,44,5500,0.08,125,5056.73,Duane Kennedy,Discovery Communications Inc.,Consumer Services,Television Services,Laredo,78041,Texas,Central,2009-12-08,2,Training - Development,Training,SQL,Jayden Hamilton,Josh Martinez,71,1,0.43
6454,45959,2009-12-06,2009-12-01,15,2400,0.08,160,2206.57,Roy Smith,Bed Bath & Beyond Inc.,Consumer Services,Home Furnishings,Collierville,38017,Tennessee,South,2009-12-08,2,Development - Java,Development,.Net,Emily Taylor,Frank Mitchell,62,1,0.61
6455,45959,2009-12-06,2009-12-01,35,5250,0,150,5246.6,Roy Smith,Bed Bath & Beyond Inc.,Consumer Services,Home Furnishings,Columbia,38401,Tennessee,South,2009-12-08,2,Consulting - Business Model,Consulting,SQL,William Bufont,Frank Mitchell,62,1,0.59
6538,46528,2009-12-06,2009-12-01,43,5375,0.05,125,5102.95,Edward Bzostek,Equinix Inc.,Public Utilities,Telecommunications Equipment,Waco,76706,Texas,Central,2009-12-08,2,Training - SQL,Training,Development,Elizabeth Carter,Josh Martinez,52,1,0.58
6539,46528,2009-12-06,2009-12-01,23,2530,0.01,110,2503.08,Edward Bzostek,Equinix Inc.,Public Utilities,Telecommunications Equipment,Waco,76706,Texas,Central,2009-12-09,3,Development - Python,Development,SQL,Mia Moore,Josh Martinez,51,1,0.54
1123,8229,2009-12-07,2009-12-01,7,1050,0.04,150,1007.37,Patrick Webber,KLA-Tencor Corporation,Capital Goods,Electronic Components,Holland,49423,Michigan,Central,2009-12-09,2,Consulting - Strategy,Consulting,Market Research,Jayden Hamilton,Josh Martinez,71,1,0.53
1124,8229,2009-12-07,2009-12-01,50,5500,0,110,5496.58,Patrick Webber,KLA-Tencor Corporation,Capital Goods,Electronic Components,Holland,49423,Michigan,Central,2009-12-09,2,Development - Python,Development,Market Research,Olivia Sullivan,Josh Martinez,53,1,0.52
4984,35457,2009-12-07,2009-12-01,45,7650,0.02,170,7492.34,Georgia Flathmann,Stericycle Inc.,Basic Industries,Environmental Services,Alexandria,22304,Virginia,South,2009-12-14,7,Development - .Net,Development,Business Model,Isabella Douglas,Frank Mitchell,75,1,0.56
5203,36992,2009-12-07,2009-12-01,34,4760,0.04,140,4566.76,Aleksandra Trafton,Celgene Corporation,Health Care,Major Pharmaceuticals,Terrytown,70056,Louisiana,South,2009-12-09,2,Development - Front End Web,Development,Development,Isabella Douglas,Frank Mitchell,75,1,0.46
7643,54755,2009-12-07,2009-12-01,44,6600,0,150,6595.89,Matt Bertelson,The Priceline Group Inc.,Miscellaneous,Business Services,Cloverleaf,77015,Texas,Central,2009-12-10,3,Consulting - Business Model,Consulting,Python,Liam Franklin,Josh Martinez,52,1,0.65
8310,59365,2009-12-07,2009-12-01,1,150,0.05,150,142.41,Sanjit Waco,DISH Network Corporation,Consumer Services,Television Services,Hollywood,33021,Florida,South,2009-12-09,2,Consulting - Strategy,Consulting,Python,Ava Wilson,Frank Mitchell,67,1,0.55
5295,37700,2009-12-08,2009-12-01,27,4320,0.05,160,4101.55,Shaun Moore,Intuitive Surgical Inc.,Health Care,Industrial Specialties,Coeur D Alene,83814,Idaho,West,2009-12-11,3,Development - Java,Development,Scala,Sophia Dixon,Bob Turner,71,1,0.56
6691,47617,2009-12-08,2009-12-01,17,2720,0.09,160,2473.72,Sylvia Gastineau,Stericycle Inc.,Basic Industries,Environmental Services,Laconia,3246,New Hampshire,East,2009-12-09,1,Development - Java,Development,Big Data,Jacob Manziel,Allen Young,57,1,0.64
1134,8290,2009-12-09,2009-12-01,32,6400,0.04,200,6140.48,Patrick Webber,KLA-Tencor Corporation,Capital Goods,Electronic Components,Inkster,48141,Michigan,Central,2009-12-11,2,Development - Scala,Development,SQL,Isabella Douglas,Josh Martinez,75,1,0.63
5887,41765,2009-12-09,2009-12-01,41,6560,0.03,160,6359.56,Victoria Ausman,eBay Inc.,Miscellaneous,Business Services,West Bend,53095,Wisconsin,Central,2009-12-11,2,Development - Java,Development,Python,Elizabeth Carter,Josh Martinez,52,1,0.68
7111,50754,2009-12-09,2009-12-01,9,1350,0.06,150,1268.27,Becky Wallace,NXP Semiconductors N.V.,Technology,Semiconductors,Batavia,60510,Illinois,Central,2009-12-10,1,Consulting - Market Research,Consulting,Python,Isabella Douglas,Josh Martinez,75,1,0.5
7179,51233,2009-12-09,2009-12-01,3,375,0.05,125,356.05,Eleni Foulston,Expeditors International of Washington Inc.,Transportation,Oil Refining/Marketing,South Hadley,1075,MA,East,2009-12-09,0,Training - SQL,Training,Strategy,William Bufont,Allen Young,62,1,0.5
8303,59297,2009-12-09,2009-12-01,13,1950,0.05,150,1851.44,Annie Martin,Google Inc.,Technology,Computer Software: Programming Data Processing,Murray,84107,Utah,West,2009-12-11,2,Consulting - Strategy,Consulting,SQL,Ethan Bird,Bob Turner,60,1,0.6
801,5735,2009-12-10,2009-12-01,10,1250,0.1,125,1124.38,Art Coram,Liberty Global plc,Consumer Services,Television Services,Highlands Ranch,80126,Colorado,West,2009-12-11,1,Training - Javascript,Training,Java,Mason Gibson,Bob Turner,71,1,0.43
6807,48483,2009-12-10,2009-12-01,18,2160,0,120,2158.82,Steve Shariari,NetApp Inc.,Technology,Electronic Components,Toledo,43615,Ohio,East,2009-12-11,1,Development - Business Logic,Development,Python,Ethan Bird,Allen Young,60,1,0.5
7949,56803,2009-12-10,2009-12-01,42,4620,0.1,110,4155.72,Carlos McAfee,Charter Communications Inc.,Consumer Services,Television Services,Columbus,47201,Indiana,Central,2009-12-10,0,Development - Python,Development,Database,Jayden Hamilton,Josh Martinez,71,1,0.35
419,2818,2009-12-11,2009-12-01,37,4625,0.05,125,4391.45,Ross Hastings,Activision Blizzard Inc,Technology,Computer Software: Prepackaged Software,North Miami,33161,Florida,South,2009-12-13,2,Training - SQL,Training,Python,William Bufont,Frank Mitchell,62,1,0.5
420,2818,2009-12-11,2009-12-01,39,4875,0,125,4872.45,Ross Hastings,Activision Blizzard Inc,Technology,Computer Software: Prepackaged Software,North Miami,33161,Florida,South,2009-12-12,1,Training - SQL,Training,Python,Alexander Edison,Frank Mitchell,70,1,0.44
421,2818,2009-12-11,2009-12-01,2,220,0.02,110,215.49,Ross Hastings,Activision Blizzard Inc,Technology,Computer Software: Prepackaged Software,North Miami,33161,Florida,South,2009-12-12,1,Development - Python,Development,Business Logic,Emma Watson,Frank Mitchell,67,1,0.39
1031,7527,2009-12-11,2009-12-01,37,4625,0.05,125,4391.45,Nora Stevenson,Gilead Sciences Inc.,Health Care,Biotechnology: Biological Products (No Diagnostic Substances),Richmond,23223,Virginia,South,2009-12-12,1,Training - SQL,Training,Big Data,Emily Taylor,Frank Mitchell,62,1,0.5
1032,7527,2009-12-11,2009-12-01,42,6300,0.02,150,6170.77,Nora Stevenson,Gilead Sciences Inc.,Health Care,Biotechnology: Biological Products (No Diagnostic Substances),Richmond,23223,Virginia,South,2009-12-12,1,Consulting - Market Research,Consulting,Java,Elizabeth Carter,Frank Mitchell,52,1,0.65
5511,39076,2009-12-11,2009-12-01,41,4510,0.02,110,4417.49,Tom Lampkin,Bed Bath & Beyond Inc.,Consumer Services,Home Furnishings,Rotterdam,12306,New York,East,2009-12-12,1,Development - Python,Development,Java,Daniel Tusk,Allen Young,45,1,0.59
6908,49283,2009-12-11,2009-12-01,25,2750,0.01,110,2721.08,Shaun O'Brian,KLA-Tencor Corporation,Capital Goods,Electronic Components,Minnetonka Mills,55343,Minnesota,Central,2009-12-12,1,Development - Python,Development,Big Data,Isabella Douglas,Josh Martinez,75,1,0.32
1692,12224,2009-12-12,2009-12-01,2,250,0.04,125,239.88,Joni Visinsky,O'Reilly Automotive Inc.,Consumer Services,Other Specialty Stores,Enid,73703,Oklahoma,Central,2009-12-14,2,Training - Javascript,Training,Javascript,Madison Hill,Josh Martinez,58,1,0.54
1693,12224,2009-12-12,2009-12-01,29,4350,0.1,150,3913.05,Joni Visinsky,O'Reilly Automotive Inc.,Consumer Services,Other Specialty Stores,Enid,73703,Oklahoma,Central,2009-12-12,0,Consulting - Market Research,Consulting,.Net,Alexander Edison,Josh Martinez,70,1,0.53
2919,21091,2009-12-12,2009-12-01,32,5120,0.1,160,4605.71,Bill McGarr,SanDisk Corporation,Technology,Electronic Components,Grand Island,68801,Nebraska,Central,2009-12-14,2,Development - Java,Development,Business Logic,Mia Moore,Josh Martinez,51,1,0.68
3937,28037,2009-12-12,2009-12-01,31,3410,0.06,110,3203.8,Maxwell O'Connel,Seagate Technology.,Technology,Electronic Components,Raleigh,27604,North Carolina,South,2009-12-13,1,Development - Python,Development,Market Research,Noah Smith,Frank Mitchell,59,1,0.46
4200,29857,2009-12-12,2009-12-01,41,5125,0.07,125,4763.88,Angele Gayman,Equinix Inc.,Public Utilities,Telecommunications Equipment,Olathe,66062,Kansas,Central,2009-12-14,2,Training - Tableau,Training,Java,Elizabeth Carter,Josh Martinez,52,1,0.58
4970,35364,2009-12-12,2009-12-01,16,1760,0.04,110,1688.76,Lisa Ann Reed,Expeditors International of Washington Inc.,Transportation,Oil Refining/Marketing,Liberal,67901,Kansas,Central,2009-12-14,2,Development - Python,Development,Front End Web,Sophia Dixon,Josh Martinez,71,1,0.35
4971,35364,2009-12-12,2009-12-01,29,3625,0.06,125,3405.8,Lisa Ann Reed,Expeditors International of Washington Inc.,Transportation,Oil Refining/Marketing,Liberal,67901,Kansas,Central,2009-12-14,2,Training - Javascript,Training,Business Logic,Daniel Tusk,Josh Martinez,45,1,0.64
4972,35364,2009-12-12,2009-12-01,37,4625,0.06,125,4345.34,Lisa Ann Reed,Expeditors International of Washington Inc.,Transportation,Oil Refining/Marketing,Liberal,67901,Kansas,Central,2009-12-13,1,Training - Javascript,Training,Market Research,Jayden Hamilton,Josh Martinez,71,1,0.43
4973,35364,2009-12-12,2009-12-01,8,1200,0.06,150,1127.44,Lisa Ann Reed,Expeditors International of Washington Inc.,Transportation,Oil Refining/Marketing,Liberal,67901,Kansas,Central,2009-12-14,2,Consulting - Market Research,Consulting,SQL,Madison Hill,Josh Martinez,58,1,0.61
5209,36999,2009-12-12,2009-12-01,28,4200,0.06,150,3946.03,Cari Chung,Baidu Inc.,Technology,Computer Software: Programming Data Processing,Seguin,78155,Texas,Central,2009-12-13,1,Consulting - Compensation,Consulting,Java,Jacob Manziel,Josh Martinez,57,1,0.62
5210,36999,2009-12-12,2009-12-01,3,450,0.08,150,413.79,Cari Chung,Baidu Inc.,Technology,Computer Software: Programming Data Processing,Seguin,78155,Texas,Central,2009-12-13,1,Consulting - Market Research,Consulting,.Net,Madison Hill,Josh Martinez,58,1,0.61
7354,52391,2009-12-12,2009-12-01,36,3960,0.04,110,3799.71,Alan Daly,Avago Technologies Limited,Technology,Semiconductors,Round Rock,78664,Texas,Central,2009-12-14,2,Development - Python,Development,Front End Web,William Bufont,Josh Martinez,62,1,0.44
7355,52391,2009-12-12,2009-12-01,39,7800,0.02,200,7640.2,Alan Daly,Avago Technologies Limited,Technology,Semiconductors,Round Rock,78664,Texas,Central,2009-12-14,2,Development - Big Data,Development,Business Model,Abigail Young,Josh Martinez,50,1,0.75
1062,7845,2009-12-13,2009-12-01,22,3520,0.06,160,3307.24,Todd Cacioppo,Applied Materials Inc.,Technology,Semiconductors,Waukesha,53186,Wisconsin,Central,2009-12-13,0,Development - Java,Development,Big Data,Ethan Bird,Josh Martinez,60,1,0.63
1063,7845,2009-12-13,2009-12-01,45,4950,0.07,110,4601.32,Todd Cacioppo,Applied Materials Inc.,Technology,Semiconductors,Waukesha,53186,Wisconsin,Central,2009-12-14,1,Development - Python,Development,Business Logic,Jacob Manziel,Josh Martinez,57,1,0.48
2228,16102,2009-12-13,2009-12-01,25,3125,0.02,125,3061.05,Aaron Williams,Apple Inc.,Technology,Computer Manufacturing,San Gabriel,91776,California,West,2009-12-15,2,Training - Development,Training,Big Data,Emily Taylor,Bob Turner,62,1,0.5
274,1891,2009-12-14,2009-12-01,3,375,0.09,125,341.1,Jeremy Hansen,Gilead Sciences Inc.,Health Care,Biotechnology: Biological Products (No Diagnostic Substances),Friendswood,77546,Texas,Central,2009-12-16,2,Training - SQL,Training,Business Model,Alexander Edison,Josh Martinez,70,1,0.44
804,5765,2009-12-14,2009-12-01,23,2530,0.04,110,2427.71,Jonathan Akin,NVIDIA Corporation,Technology,Semiconductors,Gastonia,28052,North Carolina,South,2009-12-21,7,Development - Python,Development,Big Data,Emma Watson,Frank Mitchell,67,1,0.39
1826,13120,2009-12-14,2009-12-01,46,7360,0.09,160,6694.6,Joy Moren,Ross Stores Inc.,Consumer Services,Clothing/Shoe/Accessory Stores,South Bend,46614,Indiana,Central,2009-12-21,7,Development - Java,Development,Big Data,Emma Watson,Josh Martinez,67,1,0.58
1827,13120,2009-12-14,2009-12-01,8,1280,0,160,1279.43,Joy Moren,Ross Stores Inc.,Consumer Services,Clothing/Shoe/Accessory Stores,South Bend,46614,Indiana,Central,2009-12-14,0,Development - Java,Development,Market Research,Abigail Young,Josh Martinez,50,1,0.69
5401,38400,2009-12-14,2009-12-01,8,1000,0.03,125,969.57,Candace Kendrick,Bed Bath & Beyond Inc.,Consumer Services,Home Furnishings,Morgantown,26501,West Virginia,East,2009-12-15,1,Training - SQL,Training,Market Research,Daniel Tusk,Allen Young,45,1,0.64
5470,38882,2009-12-14,2009-12-01,40,4400,0.06,110,4134.15,Hunter Crouse,Broadcom Corporation,Technology,Semiconductors,Auburn,4210,Maine,East,2009-12-14,0,Development - Python,Development,Python,Jayden Hamilton,Allen Young,71,1,0.35
5471,38882,2009-12-14,2009-12-01,37,4625,0.1,125,4160.64,Hunter Crouse,Broadcom Corporation,Technology,Semiconductors,Hopkins,55305,Minnesota,Central,2009-12-15,1,Training - Development,Training,SQL,Madison Hill,Josh Martinez,58,1,0.54
7613,54468,2009-12-14,2009-12-01,15,3000,0.03,200,2908.7,Valerie Pelletier,Discovery Communications Inc.,Consumer Services,Television Services,Titusville,32780,Florida,South,2009-12-15,1,Development - Scala,Development,Tableau,Michael Alister,Frank Mitchell,68,1,0.66
7614,54468,2009-12-14,2009-12-01,35,4200,0.01,120,4156.14,Valerie Pelletier,Discovery Communications Inc.,Consumer Services,Television Services,Titusville,32780,Florida,South,2009-12-15,1,Development - Business Logic,Development,SQL,Abigail Young,Frank Mitchell,50,1,0.58
8331,59556,2009-12-15,2009-12-01,27,3780,0,140,3778.4,Mark Reiter,Netflix Inc.,Consumer Services,Consumer Electronics/Video Chains,Owensboro,42301,Kentucky,South,2009-12-17,2,Development - Database,Development,Business Model,Daniel Tusk,Frank Mitchell,45,1,0.68
8332,59556,2009-12-15,2009-12-01,5,750,0,150,749.68,Mark Reiter,Netflix Inc.,Consumer Services,Consumer Electronics/Video Chains,Owensboro,42301,Kentucky,South,2009-12-16,1,Consulting - Market Research,Consulting,Java,William Bufont,Frank Mitchell,62,1,0.59
147,930,2009-12-16,2009-12-01,22,2750,0.03,125,2666.44,Phillina Brown,The Priceline Group Inc.,Miscellaneous,Business Services,Winchester,22601,Virginia,South,2009-12-17,1,Training - SQL,Training,Tableau,Noah Smith,Frank Mitchell,59,1,0.53
148,930,2009-12-16,2009-12-01,11,1210,0,110,1209.52,Phillina Brown,The Priceline Group Inc.,Miscellaneous,Business Services,Winchester,22601,Virginia,South,2009-12-16,0,Development - Python,Development,Business Model,Liam Franklin,Frank Mitchell,52,1,0.53
460,3110,2009-12-16,2009-12-01,13,1950,0.04,150,1871.25,Helen Glantz,Applied Materials Inc.,Technology,Semiconductors,Ozark,65721,MO,Central,2009-12-18,2,Consulting - Strategy,Consulting,Scala,Michael Alister,Josh Martinez,68,1,0.55
2669,19300,2009-12-16,2009-12-01,10,1100,0.1,110,989.61,Denny Willingham,Bed Bath & Beyond Inc.,Consumer Services,Home Furnishings,Belle Glade,33430,Florida,South,2009-12-17,1,Development - Python,Development,Javascript,Elizabeth Carter,Frank Mitchell,52,1,0.53
3511,25027,2009-12-16,2009-12-01,25,3125,0.06,125,2936.33,Mick Russell,Autodesk Inc.,Technology,Computer Software: Prepackaged Software,Coachella,92236,California,West,2009-12-18,2,Training - Javascript,Training,PHP,Madison Hill,Bob Turner,58,1,0.54
6765,48192,2009-12-16,2009-12-01,15,1875,0,125,1874.25,Jill Huston,Intel Corporation,Technology,Semiconductors,Laguna Hills,92653,California,West,2009-12-17,1,Training - Tableau,Training,PHP,Jacob Manziel,Bob Turner,57,1,0.54
8133,58144,2009-12-16,2009-12-01,29,3190,0.01,110,3156.84,Muhammed MacIntyre,CA Inc.,Technology,Computer Software: Prepackaged Software,Joliet,60432,Illinois,Central,2009-12-23,7,Development - Python,Development,SQL,Alexander Edison,Josh Martinez,70,1,0.36
2123,15111,2009-12-17,2009-12-01,13,2210,0.1,170,1988.26,Juliana Miller,Sirius XM Holdings Inc.,Consumer Services,Broadcasting,San Francisco,94110,California,West,2009-12-19,2,Development - .Net,Development,Development,Liam Franklin,Bob Turner,52,1,0.69
3345,23936,2009-12-17,2009-12-01,27,3240,0.09,120,2947.3,Darrin Castell,Texas Instruments Incorporated,Technology,Semiconductors,Henderson,42420,Kentucky,South,2009-12-19,2,Development - Business Logic,Development,Business Model,Isabella Douglas,Frank Mitchell,75,1,0.38
6512,46341,2009-12-17,2009-12-01,23,2760,0.1,120,2483.07,Astrea Meade,Liberty Interactive Corporation,Consumer Services,Catalog/Specialty Distribution,Newark,7101,New Jersey,East,2009-12-18,1,Development - Business Logic,Development,Java,Elizabeth Carter,Allen Young,52,1,0.57
64,359,2009-12-18,2009-12-01,30,3750,0.08,125,3448.8,Cari Radford,Biogen Idec Inc.,Health Care,Biotechnology: Biological Products (No Diagnostic Substances),Pleasant Grove,84062,Utah,West,2009-12-19,1,Training - Javascript,Training,Strategy,Alexander Edison,Bob Turner,70,1,0.44
3200,22947,2009-12-18,2009-12-01,19,2375,0.09,125,2160.5,Sarah Cortes,Expeditors International of Washington Inc.,Transportation,Oil Refining/Marketing,Maplewood,55119,Minnesota,Central,2009-12-25,7,Training - SQL,Training,PHP,Michael Alister,Josh Martinez,68,1,0.46
4470,31847,2009-12-18,2009-12-01,46,6900,0.1,150,6207.84,Amy Murray,Citrix Systems Inc.,Technology,Computer Software: Prepackaged Software,Knoxville,37918,Tennessee,South,2009-12-22,4,Consulting - Business Model,Consulting,SQL,Isabella Douglas,Frank Mitchell,75,1,0.5
6638,47203,2009-12-18,2009-12-01,8,1200,0.04,150,1151.6,Bill Rawles,Staples Inc.,Consumer Services,Other Specialty Stores,Albemarle,28001,North Carolina,South,2009-12-19,1,Consulting - Business Model,Consulting,Business Logic,Michael Alister,Frank Mitchell,68,1,0.55
6639,47203,,2009-12-01,44,4840,0.06,110,4548.01,Bill Rawles,Staples Inc.,Consumer Services,Other Specialty Stores,Albemarle,28001,North Carolina,South,2009-12-20,2,Development - Python,Development,Python,Isabella Douglas,Frank Mitchell,75,1,0.32
6640,47207,2009-12-18,2009-12-01,15,2250,0.09,150,2046.79,Ken Odegard,Broadcom Corporation,Technology,Semiconductors,West Linn,97068,Oregon,West,2009-12-22,4,Consulting - Business Model,Consulting,Market Research,Noah Smith,Bob Turner,59,1,0.61
7290,51975,2009-12-18,2009-12-01,12,1800,0.1,150,1619.44,Michael Bergman,Vodafone Group Plc,Public Utilities,Telecommunications Equipment,Cottage Grove,55016,Minnesota,Central,2009-12-22,4,Consulting - Market Research,Consulting,SQL,Mason Gibson,Josh Martinez,71,1,0.53
886,6369,2009-12-19,2009-12-01,30,3750,0.1,125,3373.91,Denise Catini,Alexion Pharmaceuticals Inc.,Health Care,Major Pharmaceuticals,Saco,4072,Maine,East,2009-12-21,2,Training - Javascript,Training,Business Model,Mason Gibson,Allen Young,71,1,0.43
3662,26240,2009-12-19,2009-12-01,38,5700,0.04,150,5470.23,Carlos McAfee,Charter Communications Inc.,Consumer Services,Television Services,Anderson,46016,Indiana,Central,2009-12-22,3,Consulting - Business Model,Consulting,PHP,William Bufont,Josh Martinez,62,1,0.59
3663,26240,2009-12-19,2009-12-01,39,4875,0.04,125,4678.49,Carlos McAfee,Charter Communications Inc.,Consumer Services,Television Services,Anderson,46016,Indiana,Central,2009-12-20,1,Training - SQL,Training,Python,Olivia Sullivan,Josh Martinez,53,1,0.58
5053,36033,2009-12-19,2009-12-01,15,2250,0.06,150,2114.32,Michael Prescott,Xilinx Inc.,Technology,Semiconductors,Coachella,92236,California,West,2009-12-19,0,Consulting - Business Model,Consulting,Python,Liam Franklin,Bob Turner,52,1,0.65
5378,38240,2009-12-19,2009-12-01,42,6300,0.09,150,5731.15,Ken Odegard,Broadcom Corporation,Technology,Semiconductors,Louisville,80027,Colorado,West,2009-12-21,2,Consulting - Business Model,Consulting,Java,William Bufont,Bob Turner,62,1,0.59
5379,38240,2009-12-19,2009-12-01,4,640,0.04,160,614.2,Ken Odegard,Broadcom Corporation,Technology,Semiconductors,University City,63130,MO,Central,2009-12-19,0,Development - Java,Development,Python,Liam Franklin,Josh Martinez,52,1,0.68
5706,40356,2009-12-19,2009-12-01,48,8160,0.05,170,7749.49,Sylvia Gastineau,Stericycle Inc.,Basic Industries,Environmental Services,Londonderry,3053,New Hampshire,East,2009-12-21,2,Development - .Net,Development,Market Research,Sophia Dixon,Allen Young,71,1,0.58
5864,41607,2009-12-19,2009-12-01,36,5760,0.1,160,5182.32,Barry Ferguson,Mondelez International Inc.,Consumer Non-Durables,Packaged Foods,Norwalk,6855,Connecticut,East,2009-12-21,2,Development - Java,Development,Java,Jacob Manziel,Allen Young,57,1,0.64
211,1411,2009-12-20,2009-12-01,39,4875,0.09,125,4434.93,Ed Leatherbury,Dollar Tree Inc.,Consumer Services,Department/Specialty Retail Stores,Norwich,6360,Connecticut,East,2009-12-21,1,Training - Tableau,Training,Java,Liam Franklin,Allen Young,52,1,0.58
212,1411,2009-12-20,2009-12-01,47,7050,0.09,150,6413.58,Ed Leatherbury,Dollar Tree Inc.,Consumer Services,Department/Specialty Retail Stores,Roseville,95661,California,West,2009-12-22,2,Consulting - Market Research,Consulting,Market Research,Abigail Young,Bob Turner,50,1,0.67
